Model,MAE,RMSE,MAPE (%)
"ARIMA(0,1,0)",54.15,70.2,17.11
LSTM,12.465365804559472,15.99219261471721,3.492346583400453
